algorithm,resolution,seed,raw_min,raw_max,roughness_mean,roughness_std,height_mean,height_std,height_skew,height_kurtosis,slope_mean_deg,slope_std_deg,slope_mode_deg,local_minima_count,local_minima_density
perlin,256,0,-0.43956395983695984,0.4167236387729645,0.012320962396212767,0.006335191928388289,0.5178130951912745,0.19485393910563473,-0.04777584759597751,-0.40714630584037037,0.7058723660034928,0.3628939110651255,2.5,562,0.008575439453125
perlin,256,1,-0.39237165451049805,0.4695751965045929,0.011901676358309164,0.006195935852124739,0.4973319756622771,0.171581654884924,0.2958876462989882,-0.14910396289024064,0.6818546937865974,0.3549203614999202,2.5,642,0.009796142578125
perlin,256,2,-0.31684792041778564,0.4000367522239685,0.014005275202791614,0.007192003398211668,0.4256815202593146,0.18069295968678437,0.2516270292188764,-0.25622481298779753,0.8023451107515088,0.4119444889407474,2.5,634,0.009674072265625
perlin,256,3,-0.5079713463783264,0.35219842195510864,0.012602910878442562,0.006291816073794087,0.5804290849441993,0.16534323286581645,-0.3184894422811985,-0.04270006908164525,0.7220244876391444,0.36040964488945665,2.5,551,0.0084075927734375
perlin,256,4,-0.4609260559082031,0.40702661871910095,0.011605834790848018,0.006105289373252043,0.542178797815415,0.15301481739922573,-0.2271359925132826,0.22484439367310705,0.6649081961191595,0.3497326959719772,2.5,688,0.010498046875
perlin,512,0,-0.43956395983695984,0.4167236387729645,0.012154537200223092,0.006230142917041104,0.49706566468963975,0.1669907829181804,0.11311974476302711,-0.19504700055305957,0.6963398254705703,0.356879250624087,2.5,2265,0.008640289306640625
perlin,512,1,-0.42654454708099365,0.4695751965045929,0.01140537790898757,0.005920526675144745,0.49553197847491826,0.14845008858368822,0.029140919732461086,-0.004415718649564582,0.653426486524526,0.3391515657239217,2.5,2443,0.009319305419921875
perlin,512,2,-0.4975733458995819,0.4000367522239685,0.011420251677966368,0.005869302103684827,0.5418066799576123,0.15552663818890244,0.07812445462462267,-0.2013817332092267,0.6542790529318837,0.33621782031388264,2.5,2316,0.0088348388671875
perlin,512,3,-0.5268093943595886,0.483522891998291,0.010484119686684957,0.005374472868761792,0.5315188015680127,0.14173944978676586,-0.27089175765816365,0.1589541211279628,0.6006548215579512,0.30788221058594434,2.5,2260,0.0086212158203125
perlin,512,4,-0.506499707698822,0.4302581250667572,0.011281250525796606,0.0058404317825650675,0.5523287989994315,0.15659951770690658,-0.09530224966607724,-0.2827509072010814,0.6463163930312741,0.334565055096638,2.5,2300,0.0087738037109375
perlin,1024,0,-0.4594406485557556,0.46917542815208435,0.011204954270245053,0.005764336639883199,0.4925937393211154,0.1499055803709328,0.022399207886243163,-0.17085254896452984,0.6419463259313264,0.33020739857025566,2.5,9099,0.008677482604980469
perlin,1024,1,-0.4960653483867645,0.4695751965045929,0.010741060329503059,0.005543501594991788,0.5167624768812208,0.14304841303329965,-0.03841546248344118,-0.14274267959384002,0.6153730071092245,0.3175619326769342,2.5,9215,0.008788108825683594
perlin,1024,2,-0.4975733458995819,0.41026806831359863,0.011374563572049565,0.005840645657210134,0.5512490802060113,0.1523537026309837,0.0026027905006145652,-0.3566312846381057,0.6516620361933646,0.33457711085316627,2.5,9176,0.00875091552734375
perlin,1024,3,-0.5344312787055969,0.483522891998291,0.010280240713606942,0.005311282699291957,0.5338923636188901,0.13956241294421437,-0.1016703889637196,-0.0949454358773889,0.5889754158011746,0.3042637015605153,2.5,9168,0.0087432861328125
perlin,1024,4,-0.506499707698822,0.47033369541168213,0.010699100088172056,0.005498469919185932,0.5246146225362974,0.14712193958258543,-0.06707853479851433,-0.3470618242092818,0.6129695615733253,0.31498272627574847,2.5,9070,0.008649826049804688
perlin,2048,0,-0.4943654239177704,0.4945942163467407,0.01052183914040873,0.005408241539714605,0.49980984316471405,0.14233225679551806,0.0036435845337481304,-0.2408529484829649,0.6028154020740727,0.30981597161777324,2.5,35921,0.008564233779907227
perlin,2048,1,-0.5348473787307739,0.526477575302124,0.009763795497194225,0.005019042838361107,0.5047135640758892,0.13190215884243844,-0.03087616915928068,-0.17993780812406435,0.5593910574608367,0.287527325734384,2.5,36197,0.008630037307739258
perlin,2048,2,-0.5043693780899048,0.5491878986358643,0.009819172217428108,0.005042791800257111,0.47903092914461076,0.13306228663823166,-0.04061345428607689,-0.24362861938955493,0.5625633732884457,0.2888873706237401,2.5,36319,0.008659124374389648
perlin,2048,3,-0.5344312787055969,0.5267383456230164,0.009820090434632767,0.005048163832466902,0.5043381368206507,0.13380578782118166,-0.058378013635649754,-0.11135519830828011,0.5626159269759328,0.28919495125502204,2.5,35936,0.00856781005859375
perlin,2048,4,-0.506499707698822,0.5307247638702393,0.009998651450615353,0.005133245364548968,0.49020327451579887,0.1347738386658243,-0.0361095819851678,-0.24962609268996916,0.5728448904094844,0.2940674303961352,2.5,36399,0.008678197860717773
erosion,256,0,-0.42147772190667604,0.4161175196301326,0.01226491278842334,0.00637543401620409,0.5072175768393273,0.19831641165386424,-0.03879831242924014,-0.41649525270041776,0.7026609724889794,0.365197568596672,2.5,1022,0.015594482421875
erosion,256,1,-0.3745423042535413,0.4690838712690643,0.011805755869699524,0.006226823105224878,0.48632380168341627,0.1744893421958295,0.3101112805277503,-0.15599427327920035,0.6763593084490879,0.3566883307667514,2.5,1088,0.0166015625
erosion,256,2,-0.3123535367462611,0.3992399479891653,0.013737967377853042,0.007185850367771002,0.4218474899046114,0.18100576769013435,0.2650243986329425,-0.2586435927453783,0.7870327971380473,0.411590780451988,2.5,1142,0.017425537109375
erosion,256,3,-0.4981512685117306,0.3487733709713414,0.012528570625394553,0.006294362618509245,0.577297222710149,0.16691260058564686,-0.30500074956942497,-0.0652496959849076,0.7177656933867627,0.3605540112206972,2.5,958,0.014617919921875
erosion,256,4,-0.4574812650680542,0.40664680610819454,0.011324583810270116,0.00600294560048426,0.5400386850695393,0.15287722917287924,-0.22170475089968242,0.2272800337181149,0.6487972070382384,0.3438721407068679,2.5,1170,0.017852783203125
erosion,512,0,-0.4229438511289691,0.41477830034607627,0.012097148924661015,0.00627393797980395,0.4876903123630398,0.16975125766109048,0.12739697091811164,-0.20545563799391653,0.6930516951458484,0.3593864343487848,2.5,4230,0.01613616943359375
erosion,512,1,-0.42621145372401353,0.46952924157720866,0.0111063501184658,0.005828140823770045,0.49482151446982103,0.14762495237183745,0.043441777296911635,-0.014696906767853068,0.6362968587421715,0.3338610196568349,2.5,4407,0.016811370849609375
erosion,512,2,-0.49393630318213466,0.3994584004993376,0.011182804662542907,0.005812843308586639,0.5397715982770648,0.1553843844078897,0.09050007150894987,-0.2082384515689748,0.6406768701462777,0.33298458746189574,2.5,4397,0.016773223876953125
erosion,512,3,-0.5137196448102237,0.4831868705030432,0.010349266681038725,0.005349942180257096,0.5250488821832067,0.14282026675666878,-0.2615370460023613,0.1527436632840442,0.5929294511203214,0.30647714605672133,2.5,4159,0.015865325927734375
erosion,512,4,-0.48516013364024413,0.42955338975295915,0.011267978778225267,0.005879743696637115,0.5417698237138154,0.15948223819561932,-0.08610369489475332,-0.2937044497441561,0.6455556334431555,0.33681575308848966,2.5,4153,0.015842437744140625
erosion,1024,0,-0.4433733675587326,0.46912090519362337,0.011102444680330562,0.005763000587420711,0.483175630962834,0.15165618986680168,0.0346632435652764,-0.17701852240196958,0.636073740321555,0.33013031942934984,2.5,17095,0.016303062438964844
erosion,1024,1,-0.4743146920756093,0.4685549056676599,0.010716077044893147,0.005586656498775353,0.505680010609396,0.14563210178191943,-0.026731333791245596,-0.14857355008300743,0.6139413058296533,0.32003284232342744,2.5,17298,0.016496658325195312
erosion,1024,2,-0.4898289265772156,0.41026806831359863,0.011164030046096788,0.005786717810401887,0.5468722964367206,0.15274706227625864,0.014716315642476087,-0.36467219198972334,0.6396016183937957,0.33148882600022245,2.5,17350,0.016546249389648438
erosion,1024,3,-0.5159460782994442,0.483522891998291,0.010188194910975744,0.005318175334636137,0.5247960001671982,0.1413191319286869,-0.09088221164700164,-0.10148956278920096,0.5837021162443088,0.3046581727479688,2.5,17300,0.016498565673828125
erosion,1024,4,-0.48806327088714263,0.4695113924274653,0.010627876201855197,0.005516780207604944,0.5154170613319473,0.1492323344220914,-0.05669380936001907,-0.35552020494005276,0.6088890725917325,0.31603117739642533,2.5,16928,0.016143798828125
erosion,2048,0,-0.4810681750728573,0.49420030460789294,0.010386472324638267,0.005392052073188248,0.4927151565898671,0.14348023416872438,0.015643647867236456,-0.24789178948576707,0.5950605327490753,0.3088885818824524,2.5,68643,0.016365766525268555
erosion,2048,1,-0.5352852888371605,0.5258702277487854,0.009505875761345152,0.0049343421369454354,0.5047714955978463,0.131141790507179,-0.018983778389240223,-0.186050279480797,0.5446155262954627,0.28267623617722065,2.5,68561,0.016346216201782227
erosion,2048,2,-0.49370116194257496,0.5491878986358643,0.009653608805936178,0.0050058288863584054,0.4732582765972028,0.1336323952856309,-0.028820585715257595,-0.2520627149948975,0.5530785677271722,0.2867702085367845,2.5,69206,0.016499996185302734
erosion,2048,3,-0.5191633872848912,0.5263615361634252,0.009701286091941439,0.005041126401506874,0.49683846056253617,0.13501526646548023,-0.047044869461751584,-0.11801419762753307,0.5558097065009794,0.28879169383865205,2.5,68465,0.016323328018188477
erosion,2048,4,-0.47785214204770254,0.530590695307594,0.010008502897460981,0.0051925384308533695,0.475325840748709,0.13780087751912815,-0.02454827559411942,-0.25688808728786716,0.5734087522751055,0.297462794866232,2.5,69088,0.01647186279296875
wfc,128,0,0.0,192.0,0.16009285876011953,0.09621306893508748,0.6033935546874969,0.2649816282319797,-0.17349505377643532,-0.5160477813814532,9.021939458463795,5.367435391831896,7.5,6407,0.39105224609375
wfc,256,0,0.0,192.0,0.15900561266598862,0.09547793360699011,0.5870768229166636,0.2690613808228934,-0.1539958933883136,-0.5261857534079408,8.963216593838405,5.331396760630983,7.5,25756,0.39300537109375
